<?xml version="1.0" encoding="UTF-8"?>
<project-private xmlns="http://www.netbeans.org/ns/project-private/1">
    <editor-bookmarks xmlns="http://www.netbeans.org/ns/editor-bookmarks/2" lastBookmarkId="0"/>
    <open-files xmlns="http://www.netbeans.org/ns/projectui-open-files/2">
        <group>
            <file>file:/C:/Users/TORO/Documents/NetBeansProjects/Reto_Sofka/src/Jframe/Principal.java</file>
            <file>file:/C:/Users/TORO/Documents/NetBeansProjects/Reto_Sofka/src/Clases/Juego.java</file>
            <file>file:/C:/Users/TORO/Documents/NetBeansProjects/Reto_Sofka/src/Jframe/Instrucciones.java</file>
            <file>file:/C:/Users/TORO/Documents/NetBeansProjects/Reto_Sofka/src/Jframe/Jugar.java</file>
        </group>
    </open-files>
</project-private>
